ID,City,Cloudiness,Country,Date,Humidity,Lat,Lng,Max Temp,Wind Speed
0,Punta Arenas,75,CL,1562532532,87,-53.16,-70.91,6,2.6
1,Bluff,100,AU,1562532385,80,-23.58,149.07,16,5.44
2,Mahebourg,75,MU,1562532532,83,-20.41,57.7,22,2.68
3,Hermanus,36,ZA,1562532532,79,-34.42,19.24,14.44,1.34
4,Aranos,0,NA,1562532532,19,-24.14,19.11,10.95,3.8
5,Cidreira,24,BR,1562532533,84,-30.17,-50.22,7.57,1.33
6,Netivot,0,IL,1562532533,9,31.42,34.59,26.11,1.79
7,Yellowknife,75,CA,1562532262,58,62.45,-114.38,13,4.1
8,Hofn,100,IS,1562532533,94,64.25,-15.21,3.29,2.2
9,Sorong,89,ID,1562532533,96,-0.86,131.25,23.32,2.18
10,Mirabad,0,IR,1562532533,17,28.27,61.33,20.94,2.05
11,High Level,75,CA,1562532534,37,58.52,-117.13,20,4.6
12,Ushuaia,0,AR,1562532519,92,-54.81,-68.31,2,2.1
13,Upernavik,9,GL,1562532534,64,72.79,-56.15,7.17,4.59
14,Gizo,20,IL,1562532534,78,31.8,34.94,26.11,2.1
15,Cape Town,40,ZA,1562532316,87,-33.93,18.42,14.44,5.1
16,Bredasdorp,67,ZA,1562532534,76,-34.53,20.04,14.44,2.6
17,Serebryanyy Bor,90,RU,1562532535,77,56.8,124.8,16.02,2.5
18,Takoradi,65,GH,1562532535,92,4.89,-1.75,23.19,3.18
19,Souillac,0,FR,1562532535,73,45.6,-0.6,22.22,2.6
20,Albany,40,US,1562532278,30,42.65,-73.75,28.33,2.6
21,Torbay,20,CA,1562532316,60,47.66,-52.73,24,7.2
22,Jamestown,0,AU,1562532535,89,-33.21,138.6,6.63,1.17
23,Omaruru,0,NA,1562532536,26,-21.42,15.95,13.72,1.78
24,Mount Isa,75,AU,1562532536,77,-20.73,139.49,18,3.6
25,Finschhafen,81,PG,1562532536,80,-6.6,147.85,17.6,1.42
26,Kushima,75,JP,1562532536,88,31.5,131.29,24,3.1
27,Lethem,83,GY,1562532536,50,3.38,-59.8,32.18,2.24
28,Rikitea,100,PF,1562532537,78,-23.12,-134.97,22.4,16.4
29,Busselton,40,AU,1562532537,77,-33.64,115.35,11.11,6.74
30,Avarua,94,CK,1562532537,64,-21.21,-159.78,24,7.7
31,Hobart,0,AU,1562532477,86,-42.88,147.33,5,6.7
32,New Norfolk,0,AU,1562532538,86,-42.78,147.06,5,6.7
33,Norwich,0,GB,1562532404,76,52.63,1.29,16,1.5
34,Verkhoyansk,87,RU,1562532538,49,67.55,133.39,18.26,1.88
35,Castro,90,CL,1562532538,100,-42.48,-73.76,10,6.7
36,Pevek,99,RU,1562532538,73,69.7,170.27,7.2,8.83
37,Halifax,20,CA,1562532302,41,44.65,-63.58,25.56,6.2
38,Barrow,100,AR,1562532539,68,-38.31,-60.23,9.68,4.82
39,Cherskiy,81,RU,1562532539,46,68.75,161.3,19.65,6.47
40,Melfort,90,CA,1562532539,83,52.87,-104.61,21,5.7
41,Seoul,75,KR,1562532513,60,37.57,126.98,22,0.5
42,Chuy,67,UY,1562532539,65,-33.69,-53.46,7.6,2.06
43,Kaitangata,100,NZ,1562532540,62,-46.28,169.85,5.56,3.58
44,Kapaa,1,US,1562532540,66,22.08,-159.32,29,6.7
45,East London,7,ZA,1562532540,74,-33.02,27.91,10.12,3.85
46,San Patricio,13,PY,1562532540,71,-26.98,-56.83,8.58,1.2
47,Port Elizabeth,75,US,1562532541,74,39.31,-74.98,31.11,6.2
48,Muswellbrook,100,AU,1562532541,98,-32.27,150.89,11.11,1.19
49,Luanda,0,AO,1562532405,87,-8.83,13.24,22.62,4.09
50,Qaanaaq,96,GL,1562532551,57,77.48,-69.36,7.07,1.33
51,Georgetown,40,GY,1562532551,70,6.8,-58.16,31,6.2
52,Caravelas,85,BR,1562532551,74,-17.73,-39.27,21.74,9
53,Thompson,75,CA,1562532552,31,55.74,-97.86,25,3.1
54,Butaritari,100,KI,1562532552,84,3.07,172.79,26.91,5.66
55,Atar,17,MR,1562532552,15,20.52,-13.05,37.56,3.45
56,San Francisco del Mar,0,MX,1562532552,43,16.34,-94.51,34.59,8.95
57,Kruisfontein,64,ZA,1562532552,88,-34,24.73,9.89,4.13
58,Shambu,23,ET,1562532553,94,9.57,37.1,12.89,0.46
59,Grand Gaube,75,MU,1562532553,83,-20.01,57.66,22,4.45
60,Banda Aceh,97,ID,1562532441,68,5.56,95.32,29.07,3.77
61,Fortuna,1,US,1562532554,68,40.6,-124.16,27.22,6.7
62,Pisco,20,PE,1562532554,30,-13.71,-76.2,22,3.1
63,Sao Filipe,36,CV,1562532554,82,14.9,-24.5,22.69,5.56
64,Mataura,100,NZ,1562532554,74,-46.19,168.86,6.67,4.92
65,Amapa,40,HN,1562532555,56,15.09,-87.97,34,7.2
66,Quba,99,AZ,1562532555,56,41.36,48.51,20.56,2.74
67,Los Llanos de Aridane,75,ES,1562532555,69,28.66,-17.92,23,6.7
68,Serebryansk,67,KZ,1562532555,88,49.68,83.3,14.02,0.81
69,Arraial do Cabo,40,BR,1562532555,56,-22.97,-42.02,20,6.2
70,Kavieng,23,PG,1562532556,71,-2.57,150.8,28.45,3.32
71,Severo-Kurilsk,100,RU,1562532556,99,50.68,156.12,6.05,2.53
72,Ilorin,100,NG,1562532517,84,8.5,4.55,24.7,3.65
73,Khatanga,98,RU,1562532556,82,71.98,102.47,8.43,7.61
74,Bathsheba,75,BB,1562532557,74,13.22,-59.52,29,7.2
75,Hasaki,75,JP,1562532557,93,35.73,140.83,18,8.2
76,Jiujiang,100,CN,1562532557,86,29.73,115.99,22.63,2.48
77,Port Alfred,0,ZA,1562532557,80,-33.59,26.89,14.44,2.68
78,Tuktoyaktuk,90,CA,1562532557,87,69.44,-133.03,6,3.1
79,Lavrentiya,15,RU,1562532558,31,65.58,-170.99,22.9,0.82
80,Shimoda,75,JP,1562532558,78,34.7,138.93,23,2.1
81,Takestan,0,IR,1562532558,52,36.07,49.69,20,3.1
82,Adre,82,TD,1562532558,43,13.47,22.2,29.6,2.08
83,Gualeguay,100,AR,1562532559,77,-33.15,-59.31,7.59,3.13
84,Corinto,40,CO,1562532559,48,3.17,-76.26,30,2.1
85,Ugoofaaru,4,MV,1562532559,79,5.67,73,28.65,6.25
86,Bethel,1,US,1562532383,60,60.79,-161.76,25,5.7
87,Atuona,100,PF,1562532559,76,-9.8,-139.03,26.59,7.42
88,Alofi,40,NU,1562532560,73,-19.06,-169.92,25,3.6
89,Victoria,75,BN,1562532302,83,5.28,115.24,28,1.44
90,Worland,1,US,1562532560,22,44.02,-107.96,33.89,7.2
91,Avera,40,US,1562532560,49,33.19,-82.53,36,2.6
92,Saldanha,44,PT,1562532560,65,41.42,-6.55,20.16,4.09
93,Nebolchi,35,RU,1562532561,85,59.12,33.35,9.78,1.33
94,Salalah,40,OM,1562532561,88,17.01,54.1,28,2.6
95,Buala,100,SB,1562532561,85,-8.15,159.59,26.63,6.12
96,Churapcha,100,RU,1562532561,93,62,132.43,13.5,2.6
97,Galich,100,RU,1562532561,96,58.38,42.35,10.46,1.19
98,Hithadhoo,3,MV,1562532562,79,-0.6,73.08,28.63,7.21
99,Dong Hoi,100,VN,1562532562,79,17.48,106.6,25.94,1.56
100,Tasiilaq,0,GL,1562532572,53,65.61,-37.64,11,3.1
101,Geraldton,75,CA,1562532572,38,49.72,-86.95,24,2.6
102,Vostok,26,RU,1562532572,93,46.45,135.83,19.45,0.5
103,Puerto Ayora,20,EC,1562532573,58,-0.74,-90.35,28,4.1
104,Makakilo City,75,US,1562532573,69,21.35,-158.09,30,2.6
105,Newtownards,100,GB,1562532573,67,54.59,-5.69,15,3.6
106,Havelock,40,US,1562532470,62,34.88,-76.9,32.22,7.7
107,Hamilton,20,CA,1562532574,46,43.26,-79.87,25.56,7.2
108,Ekhabi,100,RU,1562532574,94,53.51,142.97,9.12,3.7
109,Linkou,63,CN,1562532574,92,45.29,130.27,19.13,1.05
110,Kampene,100,CD,1562532574,83,-3.59,26.67,21.37,1.04
111,Salinopolis,100,BR,1562532574,76,-0.61,-47.36,27.67,6.23
112,Maceio,20,BR,1562532575,69,-9.67,-35.74,26,3.6
113,Skjervoy,0,NO,1562532575,44,70.03,20.97,16,9.3
114,Scarborough,35,GB,1562532575,66,54.28,-0.41,14.44,2.1
115,Coahuayana,29,MX,1562532575,53,18.62,-100.35,32.44,0.98
116,Saint-Philippe,1,CA,1562532575,29,45.36,-73.48,26.11,3.67
117,Idritsa,32,RU,1562532576,97,56.33,28.9,9.13,2.44
118,Hami,0,CN,1562532576,36,42.84,93.51,23.8,6.22
119,Vermilion,75,CA,1562532576,73,53.35,-110.85,21,3.6
120,Beringovskiy,75,RU,1562532576,68,63.05,179.32,14.5,1.31
121,Dumka,100,IN,1562532576,79,24.27,87.25,27.94,2.26
122,Marzuq,86,YE,1562532577,39,14.4,46.47,28.15,2.49
123,Antofagasta,40,CL,1562532577,72,-23.65,-70.4,15,5.1
124,Atyrau,0,KZ,1562532577,40,47.1,51.92,22,3
125,Tamiahua,0,MX,1562532577,77,21.28,-97.45,28.61,5.24
126,Saint George,0,GR,1562532578,51,39.45,22.34,27,1.22
127,Huarmey,30,PE,1562532578,87,-10.07,-78.15,17.64,4.98
128,Hanna,87,CA,1562532578,62,51.64,-111.93,21.11,1.34
129,Nizwa,17,OM,1562532578,26,22.93,57.53,30.29,2.03
130,Svetlaya,0,RU,1562532578,87,46.54,138.33,18.7,0.15
131,Upata,100,VE,1562532578,89,8.02,-62.41,25.56,1.34
132,Saskylakh,90,RU,1562532579,83,71.97,114.09,9.21,0.96
133,Hilo,75,US,1562532579,54,19.71,-155.08,28.89,6.82
134,Carnarvon,29,ZA,1562532579,73,-30.97,22.13,7.1,3.85
135,Kargil,62,PK,1562532579,63,34.56,76.13,11.88,3.21
136,Longyearbyen,0,NO,1562532293,66,78.22,15.63,13,3.1
137,Sao Joao da Barra,0,BR,1562532580,60,-21.64,-41.05,21,10.3
138,Doka,100,SD,1562532580,71,13.52,35.76,26.02,2.71
139,Lata,72,IN,1562532580,88,30.78,78.62,5.82,0.9
140,Lorengau,51,PG,1562532580,82,-2.02,147.27,25.47,2.39
141,Naze,100,NG,1562532580,95,5.43,7.07,22.5,2.9
142,Esperance,0,AU,1562532581,87,-33.86,121.89,8,5.1
143,Iranshahr,0,IR,1562532581,9,27.21,60.69,36,3.1
144,Qasigiannguit,20,GL,1562532561,43,68.82,-51.19,13,2.1
145,Havre-Saint-Pierre,75,CA,1562532581,33,50.23,-63.6,23,8.2
146,Chern,6,RU,1562532581,97,53.45,36.91,10.37,2.59
147,Vaini,50,IN,1562532582,86,15.34,74.49,25.86,4.61
148,Joniskis,0,LT,1562532582,87,56.24,23.62,11,3.6
149,Toora-Khem,97,RU,1562532582,70,52.47,96.11,11.22,0.22
150,Haines Junction,100,CA,1562532592,38,60.75,-137.51,20.54,1.92
151,Baherden,51,TM,1562532593,58,38.44,57.43,23.93,4
152,Sinnamary,20,GF,1562532593,77,5.38,-52.96,27.39,4.59
153,Pangnirtung,90,CA,1562532594,100,66.15,-65.72,8,2.1
154,Airai,0,TL,1562532594,85,-8.93,125.41,19.05,2.28
155,Chokurdakh,95,RU,1562532594,84,70.62,147.9,8.54,3.97
156,Cayenne,0,GF,1562532594,62,4.94,-52.33,30,4.6
157,Udachnyy,90,RU,1562532595,100,66.42,112.4,13,1
158,Liku,0,ID,1562532595,71,-0.73,119.89,27.25,3.85
159,Malko Tarnovo,0,TR,1562532595,69,41.98,27.52,24.44,4.1
160,Benguela,58,AO,1562532595,85,-12.58,13.4,21.61,3.82
161,Diffa,65,NE,1562532595,30,13.32,12.61,34.84,4.36
162,Lagoa,0,PT,1562532596,72,37.14,-8.45,20,8.2
163,Nishihara,90,JP,1562532596,88,35.74,139.53,20,3.1
164,Lebu,75,ET,1562532596,82,8.96,38.73,16,1.5
165,Neumunster,75,DE,1562532596,81,54.07,9.98,13.33,2.6
166,Barentu,100,ER,1562532597,73,15.11,37.59,23.3,5.26
167,Zapolyarnyy,40,RU,1562532597,87,69.43,30.82,7,9.3
168,Ostrovnoy,47,RU,1562532597,91,68.05,39.51,4.58,9.11
169,Yumen,33,CN,1562532597,63,40.29,97.04,15.38,3.94
170,Tuatapere,100,NZ,1562532597,74,-46.13,167.69,6.67,4.92
171,Khash,0,IR,1562532598,17,28.22,61.21,20.94,2.05
172,Mar del Plata,100,AR,1562532598,72,-46.43,-67.52,5.53,1.53
173,Winnemucca,1,US,1562532598,19,40.97,-117.74,28.33,2.1
174,Kavaratti,6,IN,1562532598,79,10.57,72.64,28.98,8.53
175,Biltine,61,TD,1562532599,17,14.53,20.93,35.43,1.47
176,Zhuhai,0,CN,1562532599,72,40.71,112.04,17,3
177,Mahibadhoo,0,MV,1562532599,76,3.78,72.97,28.56,5.13
178,Aksu,0,KZ,1562532599,82,52.04,76.93,14,1
179,Honningsvag,0,NO,1562532599,87,70.98,25.97,9,3.6
180,Hervey Bay,1,AU,1562532600,82,-25.3,152.85,15,3.1
181,Anadyr,40,RU,1562532600,63,64.73,177.51,17,4
182,Bud,20,NO,1562532600,76,62.91,6.91,14,3.6
183,Kaili,10,ID,1562532600,89,-3.46,120.21,14.03,1.54
184,Bandarbeyla,27,SO,1562532601,59,9.49,50.81,27.69,11.3
185,Lazaro Cardenas,75,MX,1562532601,35,28.39,-105.62,30.56,2.6
186,Nhulunbuy,0,AU,1562532601,94,-12.18,136.78,21,2.6
187,Bambous Virieux,75,MU,1562532601,83,-20.34,57.76,22,2.68
188,Ancud,90,CL,1562532602,100,-41.87,-73.83,10,6.7
189,Vila Franca do Campo,75,PT,1562532602,88,37.72,-25.43,21,3.1
190,Yar-Sale,100,RU,1562532602,51,66.83,70.83,13.07,8.4
191,Tiksi,100,RU,1562532602,73,71.64,128.87,6.44,2.68
192,Tautira,20,PF,1562532602,69,-17.73,-149.15,28.89,1.5
193,Isangel,75,VU,1562532603,94,-19.55,169.27,21,10.93
194,Qaqortoq,65,GL,1562532603,23,60.72,-46.03,17,16.5
195,Tura,28,RU,1562532603,87,64.27,100.22,13.28,3.05
196,Ixtapa,40,MX,1562532603,55,20.71,-105.21,31.67,5.1
197,Kahului,75,US,1562532573,54,20.89,-156.47,29,6.2
198,Dikson,5,RU,1562532604,92,73.51,80.55,0.44,7.18
199,Sompeta,100,IN,1562532604,78,18.93,84.6,26.4,2.48
200,Aiquile,0,BO,1562532614,30,-18.2,-65.18,20.23,2.99
201,Kununurra,0,AU,1562532614,76,-15.77,128.74,13,0.5
202,Boueni,0,YT,1562532615,88,-12.9,45.08,25,4.1
203,Belpasso,5,IT,1562532557,74,37.59,14.98,28.89,2.1
204,Lasa,0,CY,1562532615,88,34.92,32.53,27,2.6
205,Uspenka,0,UA,1562532615,58,48.39,39.16,18.09,2.53
206,Ponta do Sol,0,BR,1562532615,54,-20.63,-46,12.39,2.17
207,Broome,0,GB,1562532285,76,52.47,1.45,16,1.5
208,Karratha,0,AU,1562532616,66,-20.74,116.85,16.65,1.08
209,Luwuk,74,ID,1562532616,97,-0.95,122.79,15.47,1.81
210,Mitsamiouli,1,KM,1562532616,81,-11.38,43.28,25.67,8.96
211,Ntchisi,0,MW,1562532616,71,-13.36,33.92,14.39,0.62
212,Parabel,100,RU,1562532617,90,58.71,81.5,13.48,7.12
213,Kamaishi,93,JP,1562532617,90,39.28,141.86,11.39,1.68
214,Saint-Joseph,0,FR,1562532617,25,43.56,6.97,32,4.1
215,Belyy Yar,0,RU,1562532617,77,53.6,91.39,19,1
216,Bambanglipuro,82,ID,1562532617,81,-7.95,110.28,24.45,8.48
217,Timizart,100,DZ,1562532618,49,36.8,4.25,29.75,6.37
218,Ano Mera,0,GR,1562532618,69,37.45,25.4,26.67,3.6
219,Klaksvik,14,FO,1562532618,93,62.23,-6.59,9,4.6
220,Guozhen,100,CN,1562532618,84,29.3,113.14,23.71,1.44
221,Sakaraha,0,MG,1562532619,81,-22.91,44.53,15.52,1.26
222,Chengzihe,68,CN,1562532619,85,45.35,131,19.78,0.52
223,San Cristobal,82,HN,1562532619,52,14.68,-86.92,28.77,4.22
224,Santa Cruz,26,BR,1562532518,63,-6.22,-36.02,24.76,5.06
225,Muros,75,ES,1562532619,93,42.77,-9.06,20.56,1.5
226,Sorland,75,NO,1562532620,81,67.67,12.69,11,3.6
227,Trinidad,0,BO,1562532388,43,-14.83,-64.9,23.25,1.05
228,Clyde River,90,CA,1562532620,93,70.47,-68.59,3,4.6
229,Cabo San Lucas,90,MX,1562532412,35,22.89,-109.91,36.67,3.6
230,Zhezkazgan,100,KZ,1562532620,26,47.8,67.71,24.02,4.6
231,Labuhan,94,ID,1562532621,86,-2.54,115.51,19,0.97
232,Miragoane,9,HT,1562532621,66,18.44,-73.09,29.51,1.18
233,Yangambi,100,CD,1562532621,92,0.77,24.47,22.19,0.61
234,Kizukuri,0,JP,1562532621,68,40.81,140.39,19.44,3.13
235,Ballsh,0,AL,1562532621,53,40.6,19.74,25.62,2.94
236,Northam,0,AU,1562532622,93,-31.65,116.67,6,0.41
237,Trincomalee,31,LK,1562532622,75,8.58,81.23,26.32,4.25
238,Trogir,20,HR,1562532622,78,43.52,16.25,26,3.6
239,Along,100,IN,1562532622,99,28.17,94.8,16,0.49
240,Serta,20,IT,1562532622,65,46.01,10.15,27,5.7
241,Teeli,100,RU,1562532623,88,51.01,90.2,12.27,0.35
242,Lavumisa,94,ZA,1562532623,81,-27.31,31.88,14.59,1.2
243,Flin Flon,90,CA,1562532623,64,54.77,-101.88,22,2.6
244,Rio Grande,0,BR,1562532334,57,-32.03,-52.1,11,2.6
245,Fort Nelson,75,CA,1562532623,59,58.81,-122.69,17,1
246,Sur,2,OM,1562532624,51,22.57,59.53,30.48,4.54
247,Kieta,100,PG,1562532624,84,-6.22,155.63,25.15,1.42
248,Urengoy,100,RU,1562532624,61,65.96,78.37,13.56,8.07
249,Nanortalik,40,GL,1562532624,52,60.14,-45.24,10.49,6.08
250,Koslan,95,RU,1562532634,92,63.46,48.9,10.44,3.17
251,Molo,10,KE,1562532635,96,-0.25,35.73,9.94,2.39
252,Tual,91,ID,1562532635,81,-5.67,132.75,25.74,9.38
253,Bukoba,25,TZ,1562532635,75,-1.33,31.81,18.51,0.51
254,At-Bashi,0,KG,1562532635,66,41.17,75.81,10.71,2.17
255,Sibolga,100,ID,1562532635,71,1.74,98.78,27.72,1.81
256,Hokitika,100,NZ,1562532636,76,-42.72,170.96,8.8,4.99
257,Gondal,99,IN,1562532636,89,21.96,70.8,30,6.46
258,Coruripe,0,BR,1562532636,89,-10.12,-36.18,22.03,2.67
259,Roald,20,NO,1562532636,76,62.58,6.12,14,3.6
260,Shingu,100,JP,1562532636,91,33.72,135.99,17.92,0.95
261,Cockburn Town,0,TC,1562532587,78,21.46,-71.14,27.77,7.43
262,Omboue,92,GA,1562532637,90,-1.57,9.26,22.29,3.69
263,Bingol,0,TR,1562532637,31,38.88,40.49,20.6,1.71
264,Kenitra,75,MA,1562532637,82,34.26,-6.57,20.56,2.1
265,Vestmannaeyjar,0,IS,1562532638,75,63.44,-20.27,12.79,8.42
266,Hua Hin,90,TH,1562532638,51,12.57,99.96,25.56,1.64
267,Mujiayingzi,0,CN,1562532638,81,42.12,118.78,14.29,1.51
268,Buraydah,20,SA,1562532638,18,26.33,43.97,36,4.1
269,Wainwright,100,CA,1562532638,76,52.84,-110.86,19.04,1.61
270,Poum,0,MK,1562532639,56,41.28,20.71,23,3.1
271,Dunedin,100,NZ,1562532639,67,-45.87,170.5,6.67,11.62
272,Kirakira,28,SB,1562532639,86,-10.46,161.92,26.2,4.62
273,Barranca,0,PE,1562532639,85,-10.75,-77.76,17.55,5.41
274,Igarka,8,RU,1562532640,83,67.47,86.57,9.15,3.6
275,Port Macquarie,67,AU,1562532640,100,-31.43,152.91,10,1
276,Kupang,0,ID,1562532640,73,-10.16,123.6,23.47,6.02
277,Beloha,0,MG,1562532640,82,-25.17,45.06,16.49,2.16
278,Luderitz,0,NA,1562532641,100,-26.65,15.16,12,6.7
279,Mvuma,0,ZW,1562532641,22,-19.28,30.53,11.69,0.56
280,Leh,0,IN,1562532641,53,34.16,77.58,3.62,1.64
281,Tabuk,100,PH,1562532641,93,17.41,121.44,17.55,0.6
282,Tarauaca,82,BR,1562532641,58,-8.16,-70.77,22.98,1.69
283,Pacific Grove,90,US,1562532642,68,36.62,-121.92,26.67,4.6
284,Namatanai,95,PG,1562532642,85,-3.66,152.44,25.84,7.34
285,Ciudad Bolivar,100,VE,1562532642,67,8.12,-63.55,30.03,0.95
286,Manitouwadge,40,CA,1562532642,52,49.12,-85.84,18,2.6
287,Garowe,47,SO,1562532643,50,8.41,48.48,27.87,11.22
288,Mount Gambier,40,AU,1562532643,93,-37.83,140.78,6,4.1
289,Boa Vista,75,BR,1562532606,49,2.82,-60.67,32,4.1
290,Verkhnevilyuysk,72,RU,1562532643,90,63.45,120.31,17.43,0.73
291,Gisborne,0,NZ,1562532643,70,-38.66,178.02,7.78,2.24
292,Varzea Grande,0,BR,1562532644,47,-29.42,-50.86,13,1
293,Guerrero Negro,0,MX,1562532644,81,27.97,-114.04,18.39,4.64
294,Belousovka,100,KZ,1562532644,100,50.13,82.52,14,1.51
295,Leningradskiy,25,RU,1562532644,62,69.38,178.42,12.33,2.32
296,Azul,100,AR,1562532485,62,-36.78,-59.86,11.11,3.39
297,Saint John,20,CA,1562532644,44,45.28,-66.06,25,5.1
298,Husavik,0,CA,1562532645,22,50.56,-96.99,28.89,3.58
299,Derby,0,GB,1562532645,72,52.92,-1.48,17.22,3.6
300,Monrovia,75,LR,1562532499,94,6.33,-10.8,25,5.05
301,Half Moon Bay,75,US,1562532655,87,37.46,-122.43,23,2.1
302,Sao Francisco de Paula,0,BR,1562532655,73,-29.45,-50.58,11.11,0.82
303,Oranjemund,0,ZA,1562532656,91,-28.55,16.43,13.75,6.3
304,Maragogi,0,BR,1562532449,87,-9.01,-35.22,22.63,1.82
305,Motril,20,ES,1562532656,34,36.75,-3.52,27,5.1
306,Mehamn,0,NO,1562532656,76,71.03,27.85,9,1.5
307,Chauk,100,MM,1562532656,85,20.89,94.82,24.71,7.73
308,Ouadda,100,CF,1562532656,98,8.07,22.4,20.42,3.46
309,Turukhansk,100,RU,1562532657,94,65.8,87.96,14.48,2.97
310,Terra Santa,100,BR,1562532657,67,-2.1,-56.49,29.39,1.42
311,Pendleton,1,US,1562532657,49,34.65,-82.78,35.56,3.24
312,Beroroha,0,MG,1562532658,79,-21.68,45.17,15.85,0.48
313,Bitung,20,ID,1562532658,94,1.44,125.19,21,1.41
314,Palm Beach,90,AU,1562532658,100,-33.6,151.32,13,1.79
315,Beya,100,RU,1562532658,87,53.05,90.92,16.16,3.07
316,Sola,97,TZ,1562532658,52,-3.17,33.8,22.14,3.09
317,Naryan-Mar,0,RU,1562532658,86,67.67,53.09,3.93,8.4
318,Fairbanks,40,US,1562532483,52,64.84,-147.72,26.67,2.38
319,Puerto Escondido,5,MX,1562532659,62,15.86,-97.07,31,4.1
320,Kharod,75,IN,1562532659,94,21.55,73,28,2.6
321,Sioux Lookout,90,CA,1562532542,46,50.1,-91.92,24,1.5
322,Sitka,43,US,1562532659,58,37.17,-99.65,30,4.47
323,Ribeira Grande,75,PT,1562532660,94,38.52,-28.7,22,4.1
324,Launceston,90,AU,1562532660,100,-41.43,147.14,6.67,3.6
325,Faanui,44,PF,1562532660,83,-16.48,-151.75,26.02,6.22
326,Nelson Bay,75,AU,1562532660,100,-32.72,152.14,12.78,3.6
327,Carauari,15,BR,1562532661,57,-4.88,-66.9,27.63,1.72
328,Le Havre,0,FR,1562532499,82,49.49,0.11,18,5.1
329,Rabat,75,MA,1562532661,82,34.02,-6.83,20.56,2.1
330,El Alto,20,BO,1562532661,7,-16.5,-68.19,16,4.6
331,Samarai,33,PG,1562532661,89,-10.62,150.67,23.47,2.81
332,Montes Altos,40,BR,1562532661,70,-5.83,-47.07,30,2.6
333,Kodiak,40,US,1562532662,16,39.95,-94.76,31.11,2.3
334,Abu Kamal,0,SY,1562532662,23,34.45,40.92,30.52,5.7
335,Duncan,40,US,1562532483,59,34.5,-97.96,34,2.1
336,Walvis Bay,0,NA,1562532662,77,-22.95,14.51,19,3.6
337,Okhotsk,0,RU,1562532662,79,59.36,143.24,11.25,1.99
338,Te Anau,85,NZ,1562532663,74,-45.41,167.72,3.38,1.3
339,Provideniya,0,RU,1562532663,43,64.42,-173.23,21,1
340,Oyama,75,JP,1562532663,82,36.31,139.8,21.11,6.7
341,Mokrousovo,24,RU,1562532663,92,55.81,66.77,13.27,3.04
342,Cururupu,41,BR,1562532663,82,-1.82,-44.87,25.54,1.82
343,Namibe,74,AO,1562532664,88,-15.19,12.15,20.16,3.44
344,Nyurba,74,RU,1562532664,96,63.29,118.35,16.67,1.85
345,Tezu,100,IN,1562532664,98,27.93,96.16,22.03,1.87
346,Vila,0,IT,1562532664,69,45.18,8.4,26.67,2.1
347,Puerto Baquerizo Moreno,40,EC,1562532664,78,-0.9,-89.6,25,6.7
348,Wabana,20,CA,1562532665,60,47.63,-52.95,24,7.2
349,Troina,0,IT,1562532665,61,37.79,14.6,28.89,1.5
350,Mutare,0,MZ,1562532675,25,-18.97,32.67,10.81,1.3
351,Chitral,0,PK,1562532675,52,35.85,71.79,7.07,3.99
352,Iqaluit,75,CA,1562532675,48,63.75,-68.52,17,2.1
353,Muyezerskiy,100,RU,1562532676,81,63.93,31.65,9.52,6.23
354,Alberton,0,ZA,1562532676,43,-26.25,28.13,12.22,1.5
355,Lagos,91,NG,1562532610,87,6.46,3.39,24.76,5.24
356,Hirara,100,JP,1562532676,85,24.8,125.28,28.88,5.57
357,Kawalu,95,ID,1562532676,98,-7.38,108.21,20,1.47
358,Miraflores,0,PE,1562532677,10,-16.39,-71.52,22,4.6
359,Lukuledi,32,TZ,1562532677,91,-10.57,38.8,18.5,1.74
360,Kalmunai,12,LK,1562532677,76,7.42,81.82,23.9,1.03
361,Vardo,40,US,1562532677,62,39.62,-77.74,30.56,1.5
362,Tsumeb,0,NA,1562532677,12,-19.25,17.72,13.78,2.17
363,Khonsa,100,IN,1562532678,99,26.99,95.51,21.17,0.49
364,Miramar,40,CR,1562532678,51,10.09,-84.73,29,2.6
365,Tevaitoa,34,PF,1562532678,86,-16.78,-151.5,25.46,5.88
366,Ilulissat,20,GL,1562532678,43,69.22,-51.1,13,2.1
367,Sept-Iles,75,CA,1562532554,28,50.2,-66.38,23,6.7
368,Batagay,84,RU,1562532679,49,67.65,134.64,18.52,1
369,Padang,60,ID,1562532679,80,-0.92,100.36,27.03,3.18
370,Talnakh,20,RU,1562532679,87,69.49,88.39,8,11
371,Kachiry,19,KZ,1562532679,66,53.07,76.1,16.24,2.5
372,Coihaique,40,CL,1562532676,87,-45.58,-72.07,6,1
373,Belaya Gora,0,RU,1562532680,58,68.54,146.19,16.1,0.96
374,Ajdabiya,0,LY,1562532680,84,30.75,20.22,25.25,6.31
375,Pringsewu,59,ID,1562532680,96,-5.36,104.98,21.19,1.19
376,Lompoc,87,US,1562532491,60,34.64,-120.46,23.33,4.6
377,Riyadh,0,SA,1562532559,8,24.63,46.72,38,1
378,Aswan,0,EG,1562532680,15,24.09,32.9,34,2.1
379,Henties Bay,0,NA,1562532681,93,-22.12,14.28,12.78,3.79
380,Yugorsk,100,RU,1562532681,94,61.32,63.33,8.63,1.48
381,Mackenzie,75,CA,1562532681,47,55.34,-123.09,24,4.6
382,Langenhagen,20,DE,1562532681,71,52.44,9.74,14,2.1
383,Honiara,75,SB,1562532681,100,-9.43,159.96,23,5.33
384,Romny,100,UA,1562532682,93,50.74,33.49,16.43,2.54
385,Egvekinot,52,RU,1562532573,40,66.32,-179.17,18.19,2.05
386,Shieli,1,KZ,1562532682,15,44.18,66.74,29.3,4.56
387,Ayia Galini,0,GR,1562532682,65,35.1,24.68,28,5.1
388,San Quintin,100,PH,1562532682,91,17.54,120.52,23.23,1.54
389,Boguszow-Gorce,0,PL,1562532682,51,50.76,16.2,15,3.6
390,Praia da Vitoria,40,PT,1562532683,88,38.73,-27.07,23,8.34
391,Enshi,100,CN,1562532683,95,30.29,109.48,16.41,1.51
392,Teguise,40,ES,1562532683,78,29.06,-13.56,22,7.2
393,Chiang Kham,20,TH,1562532683,88,19.53,100.3,25,1
394,Nikolskoye,44,RU,1562532683,67,59.7,30.79,14,1
395,Beisfjord,20,NO,1562532684,72,68.38,17.6,15,6.2
396,Bushehr,0,IR,1562532684,37,28.97,50.84,36,2.1
397,Nome,40,US,1562532684,53,30.04,-94.42,35.56,2.14
398,Meulaboh,100,ID,1562532684,74,4.14,96.13,27.8,2.8
399,Kybartai,40,LT,1562532685,98,54.64,22.75,10.23,2.65
400,Lena,40,US,1562532695,61,42.38,-89.82,28,4.1
401,Katsuura,75,JP,1562532695,88,33.93,134.5,22,1.5
402,Baruun-Urt,99,MN,1562532695,72,46.68,113.28,14.51,2.47
403,Beira,40,ES,1562532695,82,43.2,-8.36,19.44,4.6
404,Wadi Musa,0,JO,1562532580,55,30.32,35.48,21.63,1.25
405,Bhatgaon,100,IN,1562532696,83,21.15,81.7,25.95,6.53
406,Pinheiro Machado,51,BR,1562532696,78,-31.58,-53.38,4.63,0.44
407,Ambon,0,FR,1562532696,77,47.55,-2.56,21.67,5.7
408,Rafaela,100,AR,1562532696,36,-31.25,-61.49,12.78,1.79
409,Mwinilunga,19,ZM,1562532696,39,-11.73,24.43,11.13,1.9
410,Port Hueneme,90,US,1562532697,77,34.15,-119.2,26.11,3.1
411,Panguna,100,PG,1562532697,86,-6.32,155.48,26.52,8.08
412,Ayagoz,100,KZ,1562532697,72,47.96,80.43,17.9,6
413,Minab,0,IR,1562532697,71,27.15,57.07,34,0.5
414,Vestmanna,4,FO,1562532697,93,62.16,-7.17,9,4.6
415,Leua,21,AO,1562532698,33,-11.65,20.45,13.24,2.74
416,Puerto Leguizamo,100,CO,1562532698,97,-0.19,-74.78,22.08,2.08
417,Batagay-Alyta,100,RU,1562532698,66,67.8,130.41,12.3,1.57
418,Westport,40,US,1562532639,54,41.14,-73.36,29.44,4.6
419,Calabozo,87,VE,1562532698,80,8.92,-67.43,28.97,1.55
420,Morehead,20,US,1562532699,58,38.18,-83.43,32,2.1
421,Marawi,47,PH,1562532699,95,8,124.29,23.89,1.79
422,Cabedelo,20,BR,1562532699,83,-6.97,-34.84,26,5.1
423,Syracuse,1,US,1562532407,50,43.05,-76.15,28.33,3.1
424,Winona,20,CA,1562532700,46,43.21,-79.65,26.67,7.2
425,Dumai,94,ID,1562532700,98,1.68,101.45,22.43,1.05
426,Umm Kaddadah,100,SD,1562532700,42,13.6,26.69,31.47,7.1
427,Izhma,73,RU,1562532700,68,65.01,53.91,11.04,2.92
428,Bure,88,NG,1562532700,88,10.52,10.33,23.31,3.29
429,Valdivia,90,CL,1562532701,87,-39.81,-73.25,13,6.7
430,Guarapari,75,BR,1562532667,60,-20.67,-40.5,21,9.3
431,Port Blair,100,IN,1562532701,81,11.67,92.75,28.82,8.63
432,Ventspils,20,LV,1562532701,93,57.39,21.56,14,4.1
433,Katangli,100,RU,1562532701,97,51.71,143.23,12.83,1.67
434,Nong Kung Si,40,TH,1562532702,78,16.65,103.3,26,2.1
435,Rehoboth,0,NA,1562532702,14,-23.31,17.08,9.68,2.87
436,Hammerfest,0,NO,1562532548,50,70.66,23.68,16,11.3
437,Bull Savanna,87,JM,1562532702,75,17.89,-77.59,28.79,10.93
438,Saquarema,40,BR,1562532702,56,-22.93,-42.51,20,6.2
439,Loreto,0,PY,1562532702,49,-23.27,-57.32,13.09,1.26
440,Simao,100,CN,1562532703,98,22.76,100.79,18.32,0.72
441,Libohove,0,AL,1562532703,69,40.03,20.26,27,1.13
442,Artyom,90,RU,1562532703,100,43.36,132.19,14,0.76
443,Moose Factory,20,CA,1562532703,36,51.26,-80.61,26,2.6
444,Bintulu,75,MY,1562532704,94,3.17,113.03,25,0.67
445,Gombe,55,NG,1562532704,74,10.28,11.16,26.74,7.4
446,Saraipali,100,IN,1562532704,82,21.32,83,26.05,5.74
447,Wajima,6,JP,1562532704,89,37.4,136.9,21.41,6.11
448,Kayerkan,20,RU,1562532704,87,69.35,87.76,8,11
449,Lac du Bonnet,0,CA,1562532705,27,50.25,-96.06,29.44,4.52
450,Nouadhibou,2,MR,1562532715,77,20.93,-17.03,21,9.3
451,Koumac,83,NC,1562532716,76,-20.56,164.28,20.97,4.34
452,Dongsheng,100,CN,1562532716,88,29.72,112.52,22.54,1.26
453,Vao,22,EE,1562532716,89,59.1,26.19,9.95,1.66
454,Jizan,0,SA,1562532717,56,16.89,42.56,34,3.6
455,Nantucket,1,US,1562532717,56,41.28,-70.1,23.33,2.1
456,Kastamonu,0,TR,1562532717,90,41.38,33.78,12.91,0.5
457,Frankfort,40,US,1562532718,58,38.2,-84.87,34,2.1
458,Xique-Xique,1,BR,1562532718,61,-10.82,-42.73,27.95,2.85
459,Shaowu,100,CN,1562532718,97,27.34,117.49,20.93,1.05
460,Richmond,90,CA,1562532650,82,49.16,-123.14,17.22,4.1
461,Muli,100,CN,1562532719,97,28.08,109.56,19.88,1.16
462,Kondinskoye,100,RU,1562532719,88,59.65,67.41,12.77,3.07
463,Margate,0,AU,1562532719,86,-43.03,147.26,5.56,6.7
464,Nueve de Julio,98,AR,1562532588,45,-31.67,-68.39,13.78,2.09
465,Savannah Bight,58,HN,1562532719,78,16.45,-85.85,28.55,6.92
466,Bydgoszcz,75,PL,1562532433,76,53.12,18,14.44,6.2
467,Kathmandu,90,NP,1562532662,100,27.71,85.32,22,1
468,Kjopsvik,20,NO,1562532720,72,68.1,16.37,15,6.2
469,Chiredzi,0,ZW,1562532720,20,-21.05,31.67,16.25,2.69
470,Narsaq,65,GL,1562532720,23,60.91,-46.05,17,16.5
471,Gympie,34,AU,1562532720,99,-26.2,152.66,11.11,0.45
472,Srivardhan,100,IN,1562532721,82,18.03,73.02,27.2,8.62
473,Donegal,100,IE,1562532721,76,54.65,-8.11,12.71,5.08
474,Veraval,0,FR,1562532721,82,49.65,0.71,17.78,2.6
475,Manokwari,33,ID,1562532650,63,-0.87,134.08,22.66,1.76
476,Roebourne,0,AU,1562532721,54,-20.77,117.15,18.22,2.62
477,Srednekolymsk,27,RU,1562532722,46,67.46,153.71,20.01,3.97
478,Shubarkuduk,0,KZ,1562532722,58,49.15,56.49,19.54,3.94
479,Schwarzenberg,20,DE,1562532722,51,49.27,12.9,17.78,1
480,Adrar,0,DZ,1562532722,8,27.87,-0.29,40,3.6
481,Tarakan,100,ID,1562532723,92,3.3,117.63,25.05,2.66
482,Lexington,40,US,1562532609,55,38.05,-84.5,33,2.6
483,Houma,100,CN,1562532723,62,35.63,111.36,21.24,5.24
484,Hukuntsi,0,BW,1562532723,21,-23.98,21.76,10.76,3.24
485,Herat,0,AF,1562532724,15,34.35,62.22,28,2.6
486,Codrington,90,AU,1562532724,93,-28.95,153.24,14,0.91
487,Kijang,75,KR,1562532724,73,35.24,129.21,21,2.6
488,Chanute,34,US,1562532724,62,37.68,-95.46,31.11,3.1
489,Shitanjing,100,CN,1562532724,29,39.23,106.34,22.22,13.61
490,Saint Anthony,1,US,1562532725,24,43.97,-111.68,28,7.2
491,Rorvik,20,NO,1562532725,81,64.86,11.24,12,4.1
492,Kargasok,99,RU,1562532725,87,59.06,80.87,13.96,4.99
493,Wamba,100,CD,1562532725,96,2.14,27.99,20.15,0.54
494,Altamont,1,CA,1562532725,39,49.4,-98.5,28.33,7.2
495,Flinders,90,AU,1562532726,71,-34.58,150.85,14,4.6
496,Algiers,40,US,1562532726,39,29.94,-90.04,37.22,4.6
497,Axim,34,GH,1562532726,86,4.87,-2.24,24.81,7.39
498,Sarab,17,IR,1562532726,70,38.61,44.99,12.83,2.35
499,Svelgen,40,NO,1562532726,76,61.77,5.3,15,8.2
500,Usinsk,0,RU,1562532737,71,66,57.56,9.94,6.21
501,Neuquen,0,AR,1562532545,66,-38.95,-68.06,10,1.5
502,Praia,0,BR,1562532737,36,-20.25,-43.81,24,2.6
503,Bonthe,100,SL,1562532737,85,7.53,-12.5,24.92,5.35
504,Mponela,0,MW,1562532737,71,-13.53,33.74,14.39,0.62
505,Moramanga,14,MG,1562532738,96,-18.95,48.23,13.67,0.43
506,Sao Jose da Coroa Grande,0,BR,1562532738,87,-8.9,-35.15,22.63,1.82
507,Khem Karan,0,IN,1562532738,66,31.14,74.56,32,3.6
508,Chizhou,79,CN,1562532738,74,30.67,117.49,20.84,0.6
509,Nisia Floresta,20,BR,1562532738,69,-6.09,-35.21,27,5.1
510,Najran,78,SA,1562532738,52,17.54,44.22,24.25,2.7
511,Tateyama,47,JP,1562532739,94,36.66,137.31,22.22,0.45
512,Ornskoldsvik,100,SE,1562532520,58,63.29,18.72,15,3.1
513,Haverhill,90,GB,1562532580,67,52.08,0.44,17,3.6
514,Le Port,100,FR,1562532739,76,42.87,1.37,23.89,1.34
515,Porto Novo,20,BR,1562532739,58,-23.68,-45.44,14,5.7
516,Atikokan,0,CA,1562532740,25,48.76,-91.62,27.7,3.03
517,Berlevag,20,NO,1562532740,93,70.86,29.09,9,5.1
518,Mandera,100,ET,1562532740,60,3.94,41.86,27.29,6.94
519,Diebougou,8,BF,1562532741,68,10.97,-3.25,27.29,3.12
520,Aklavik,75,CA,1562532741,66,68.22,-135.01,11,1.5